{
  "image": "Colorcheck_1_raw_1004W.jpg",
  "model": "linear3x3",
  "lambda_reg": 0.0,
  "regularize_bias": false,
  "measured_is_srgb": false,
  "reference_is_srgb": true,
  "matrix": [
    [
      1.4530788932326875,
      -0.4264849369864376,
      -0.04325193805100538
    ],
    [
      -0.1633418162816027,
      1.3948813437369922,
      -0.2373671700869569
    ],
    [
      0.10016744289809347,
      -0.6756040064583206,
      1.5383625787961317
    ]
  ],
  "deltaE_before": [
    6.51379393126275,
    8.72569777472466,
    9.519830298495648,
    9.767804037703053,
    13.390843125896097,
    18.031062626519216,
    23.665011966166905,
    20.44445768867332,
    14.555312704283484,
    20.14640708454668,
    34.719573823592256,
    26.938001201549522,
    26.929902857467564,
    30.84536482179141,
    17.602685289514348,
    37.88363662045405,
    24.48982762146235,
    12.413680644234105,
    0.31712353188038744,
    1.2631133590199837,
    1.3086873002174157,
    2.3803717725098794,
    1.4279727604430996,
    3.396869315135708
  ],
  "deltaE_after": [
    2.419852616484939,
    8.61406569184377,
    4.69055643118595,
    10.114833102868936,
    3.2294390304194374,
    5.757246349603723,
    6.67815980578602,
    3.811111305214081,
    4.759391639961392,
    9.081964999941011,
    0.909704502952697,
    8.454656735636908,
    4.948298892421753,
    6.287272026324233,
    9.391215567395237,
    3.8059463279488845,
    0.9743163673582756,
    9.445721780493438,
    1.7843705314274196,
    1.4309270643032908,
    1.763453160748737,
    2.613882606330217,
    2.1400651088594684,
    6.243829154441116
  ],
  "deltaE_before_stats": {
    "mean": 15.278209673230997,
    "median": 13.97307791508979,
    "max": 37.88363662045405,
    "min": 0.31712353188038744
  },
  "deltaE_after_stats": {
    "mean": 4.972928366664623,
    "median": 4.724974035573672,
    "max": 10.114833102868936,
    "min": 0.909704502952697
  },
  "measured_rgb_srgb": [
    [
      0.16307884856070087,
      0.06702996801557502,
      0.035845153664302604
    ],
    [
      0.5410061897099265,
      0.2317097051586592,
      0.1391535337539271
    ],
    [
      0.15869315811430956,
      0.14787581699346405,
      0.13407384230287858
    ],
    [
      0.11937838965373383,
      0.09714921429564734,
      0.034746558197747184
    ],
    [
      0.24778932849735638,
      0.17232935727482482,
      0.17079342375247972
    ],
    [
      0.28823181754971494,
      0.34350403281880126,
      0.2310700876095119
    ],
    [
      0.6019121123626755,
      0.16925497149214297,
      0.046620775969962454
    ],
    [
      0.10296714430453031,
      0.10119452036133603,
      0.1429320664435987
    ],
    [
      0.4674071756362119,
      0.10201814768460576,
      0.06105374774023084
    ],
    [
      0.08802496175775275,
      0.04318766513697678,
      0.046749408983451535
    ],
    [
      0.38870016091543,
      0.30925050871412396,
      0.0939013903433714
    ],
    [
      0.6409122514253929,
      0.25777708246419134,
      0.05808475872618551
    ],
    [
      0.04796099290780142,
      0.0503998053121958,
      0.0959463217911278
    ],
    [
      0.14475236903271946,
      0.1835236222148434,
      0.07626369696814896
    ],
    [
      0.3448963982756223,
      0.049304686413572524,
      0.025613614240022252
    ],
    [
      0.7740978306216103,
      0.3851411486580448,
      0.09093484911695175
    ],
    [
      0.4220632934024674,
      0.11023302938196555,
      0.11238367687500532
    ],
    [
      0.10507752746488666,
      0.17931268251981644,
      0.18519851202892504
    ],
    [
      0.9822573355583368,
      0.6505892782644973,
      0.4307832707551106
    ],
    [
      0.6459724315258017,
      0.4355580530084374,
      0.29298187360050404
    ],
    [
      0.3945678626060353,
      0.26784522319566123,
      0.17948477263245724
    ],
    [
      0.1970275344180225,
      0.13271798080934502,
      0.09219684327631762
    ],
    [
      0.0997164823376159,
      0.07053544822184193,
      0.04750155381301457
    ],
    [
      0.041028716451119454,
      0.025342441941315533,
      0.014092268112918926
    ]
  ],
  "corrected_rgb_srgb": [
    [
      0.45517915868850806,
      0.32564799013173457,
      0.28602958127035577
    ],
    [
      0.7814458435134196,
      0.5795982284468362,
      0.5622279547471593
    ],
    [
      0.370060286359127,
      0.47796503489374037,
      0.5863601846477846
    ],
    [
      0.3475922406093383,
      0.42550614648117857,
      0.19319268071334672
    ],
    [
      0.499945907870846,
      0.4953690928530829,
      0.6688520137122345
    ],
    [
      0.439336545939957,
      0.7370373247203962,
      0.6950360731151619
    ],
    [
      0.8537294167106511,
      0.49740564218812205,
      0.2376435482835898
    ],
    [
      0.2830981711150856,
      0.36344172958111126,
      0.6415642634385847
    ],
    [
      0.7722049509485712,
      0.34194589499231753,
      0.41278141416920827
    ],
    [
      0.3279283109438573,
      0.23945127670500005,
      0.3755713656615015
    ],
    [
      0.6083555643256549,
      0.7280570116734008,
      0.23882015638353876
    ],
    [
      0.853211974716694,
      0.6421659519134215,
      0.04849700519119437
    ],
    [
      0.17487275843959946,
      0.22795462068041283,
      0.5489696396562646
    ],
    [
      0.31043397290308394,
      0.5775795018793164,
      0.32256900667419164
    ],
    [
      0.6861758358205433,
      0.1909394187543904,
      0.28750454873038683
    ],
    [
      0.9052732934729055,
      0.7847318302830878,
      0.025838723544976752
    ],
    [
      0.7273562684407446,
      0.33743231755392683,
      0.5777309777355931
    ],
    [
      0.14450962014888905,
      0.5245827617324588,
      0.6879628118256357
    ],
    [
      0.9496889565715164,
      0.9499043601661349,
      0.9326024008641906
    ],
    [
      0.7854666321111882,
      0.7948922554314406,
      0.788704888047159
    ],
    [
      0.6285186208232907,
      0.6396127182562655,
      0.6320474445035243
    ],
    [
      0.45723650155277634,
      0.4612401073081394,
      0.47022476776088357
    ],
    [
      0.32697853241408836,
      0.3442566979378463,
      0.33966910183043125
    ],
    [
      0.21676517783970334,
      0.20772445287665825,
      0.17171345173404218
    ]
  ],