{
  "analysis_timestamp": "2025-09-03T15:13:04.215709",
  "input_file": "25-09-01 152750_roi",
  "image_dimensions": [
    3840,
    2160
  ],
  "data_type": "uint16",
  "analysis_type": "whole_image",
  "processing_settings": {
    "dark_subtraction_enabled": true,
    "histogram_bins": 256,
    "clip_negative_values": true
  },
  "image_statistics": {
    "mean": 0.0008234471315518022,
    "std": 0.09988544881343842,
    "variance": 0.009977102279663086,
    "min": 0.0,
    "max": 28.0,
    "median": 0.0,
    "snr": 0.008243914693593979,
    "cv": 121.30158996582031,
    "histogram": [
      8293597,
      0,
      0,
      0,
      0,
      0,
      0,
      0,
      0,
      26,
      0,
      0,
      0,
      0,
      0,
      0,
      0,
      0,
      66,
      0,
      0,
      0,
      0,
      0,
      0,
      0,
      0,
      74,
      0,
      0,
      0,
      0,
      0,
      0,
      0,
      0,
      84,
      0,
      0,
      0,
      0,
      0,
      0,
      0,
      0,
      26,
      0,
      0,
      0,
      0,
      0,
      0,
      0,
      0,
      66,
      0,
      0,
      0,
      0,
      0,
      0,
      0,
      0,
      0,
      56,
      0,
      0,
      0,
      0,
      0,
      0,
      0,
      0,
      80,
      0,
      0,
      0,
      0,
      0,
      0,
      0,
      0,
      19,
      0,
      0,
      0,
      0,
      0,
      0,
      0,
      0,
      56,
      0,
      0,
      0,
      0,
      0,
      0,
      0,
      0,
      33,
      0,
      0,
      0,
      0,
      0,
      0,
      0,
      0,
      45,
      0,
      0,
      0,
      0,
      0,
      0,
      0,
      0,
      18,
      0,
      0,
      0,
      0,
      0,
      0,
      0,
      0,
      0,
      30,
      0,
      0,
      0,
      0,
      0,
      0,
      0,
      0,
      29,
      0,
      0,
      0,
      0,
      0,
      0,
      0,
      0,
      28,
      0,
      0,
      0,
      0,
      0,
      0,
      0,
      0,
      8,
      0,
      0,
      0,
      0,
      0,
      0,
      0,
      0,
      12,
      0,
      0,
      0,
      0,
      0,
      0,
      0,
      0,
      13,
      0,
      0,
      0,
      0,
      0,
      0,
      0,
      0,
      9,
      0,
      0,
      0,
      0,
      0,
      0,
      0,
      0,
      0,
      2,
      0,
      0,
      0,
      0,
      0,
      0,
      0,
      0,
      7,
      0,
      0,
      0,
      0,
      0,
      0,
      0,
      0,
      5,
      0,
      0,
      0,
      0,
      0,
      0,
      0,
      0,
      2,
      0,
      0,
      0,
      0,
      0,
      0,
      0,
      0,
      0,
      0,
      0,
      0,
      0,
      0,
      0,
      0,
      0,
      0,
      0,
      0,
      0,
      0,
      0,
      0,
      0,
      0,
      5,
      0,
      0,
      0,
      0,
      0,
      0,
      0,
      0,
      4
    ],
    "bins": [
      0.0,
      0.109375,
      0.21875,
      0.328125,
      0.4375,
      0.546875,
      0.65625,
      0.765625,
      0.875,
      0.984375,
      1.09375,
      1.203125,
      1.3125,
      1.421875,
      1.53125,
      1.640625,
      1.75,
      1.859375,
      1.96875,
      2.078125,
      2.1875,
      2.296875,
      2.40625,
      2.515625,
      2.625,
      2.734375,
      2.84375,
      2.953125,
      3.0625,
      3.171875,
      3.28125,
      3.390625,
      3.5,
      3.609375,
      3.71875,
      3.828125,
      3.9375,
      4.046875,
      4.15625,
      4.265625,
      4.375,
      4.484375,
      4.59375,
      4.703125,
      4.8125,
      4.921875,
      5.03125,
      5.140625,
      5.25,
      5.359375,
      5.46875,
      5.578125,
      5.6875,
      5.796875,
      5.90625,
      6.015625,
      6.125,
      6.234375,
      6.34375,
      6.453125,
      6.5625,
      6.671875,
      6.78125,
      6.890625,
      7.0,
      7.109375,
      7.21875,
      7.328125,
      7.4375,
      7.546875,
      7.65625,
      7.765625,
      7.875,
      7.984375,
      8.09375,
      8.203125,
      8.3125,
      8.421875,
      8.53125,
      8.640625,
      8.75,
      8.859375,
      8.96875,
      9.078125,
      9.1875,
      9.296875,
      9.40625,
      9.515625,
      9.625,
      9.734375,
      9.84375,
      9.953125,
      10.0625,
      10.171875,
      10.28125,
      10.390625,
      10.5,
      10.609375,
      10.71875,
      10.828125,
      10.9375,
      11.046875,
      11.15625,
      11.265625,
      11.375,
      11.484375,
      11.59375,
      11.703125,
      11.8125,
      11.921875,
      12.03125,
      12.140625,
      12.25,
      12.359375,
      12.46875,
      12.578125,
      12.6875,
      12.796875,
      12.90625,
      13.015625,
      13.125,
      13.234375,
      13.34375,
      13.453125,
      13.5625,
      13.671875,
      13.78125,
      13.890625,
      14.0,
      14.109375,
      14.21875,
      14.328125,
      14.4375,
      14.546875,
      14.65625,
      14.765625,
      14.875,
      14.984375,
      15.09375,
      15.203125,
      15.3125,
      15.421875,
      15.53125,
      15.640625,
      15.75,
      15.859375,
      15.96875,
      16.078125,
      16.1875,
      16.296875,
      16.40625,
      16.515625,
      16.625,
      16.734375,
      16.84375,
      16.953125,
      17.0625,
      17.171875,
      17.28125,
      17.390625,
      17.5,
      17.609375,
      17.71875,
      17.828125,
      17.9375,
      18.046875,
      18.15625,
      18.265625,
      18.375,
      18.484375,
      18.59375,
      18.703125,
      18.8125,
      18.921875,
      19.03125,
      19.140625,
      19.25,
      19.359375,
      19.46875,
      19.578125,
      19.6875,
      19.796875,
      19.90625,
      20.015625,
      20.125,
      20.234375,
      20.34375,
      20.453125,
      20.5625,
      20.671875,
      20.78125,
      20.890625,
      21.0,
      21.109375,
      21.21875,
      21.328125,
      21.4375,
      21.546875,
      21.65625,
      21.765625,
      21.875,
      21.984375,
      22.09375,
      22.203125,
      22.3125,
      22.421875,
      22.53125,
      22.640625,
      22.75,
      22.859375,
      22.96875,
      23.078125,
      23.1875,
      23.296875,
      23.40625,
      23.515625,
      23.625,
      23.734375,
      23.84375,
      23.953125,
      24.0625,
      24.171875,
      24.28125,
      24.390625,
      24.5,
      24.609375,
      24.71875,
      24.828125,
      24.9375,
      25.046875,
      25.15625,
      25.265625,
      25.375,
      25.484375,
      25.59375,
      25.703125,
      25.8125,
      25.921875,
      26.03125,
      26.140625,
      26.25,
      26.359375,
      26.46875,
      26.578125,
      26.6875,
      26.796875,
      26.90625,
      27.015625,
      27.125,
      27.234375,
      27.34375,
      27.453125,
      27.5625,
      27.671875,
      27.78125,
      27.890625,
      28.0
    ],
    "image_size": [
      2160,
      3840
    ],
    "total_pixels": 1358,
    "roi_corners": [
      [
        693,
        526
      ],
      [
        752,
        506
      ],
      [
        760,
        521
      ],
      [
        701,
        548
      ]
    ],
    "roi_enabled": true,
    "roi_area": 1358
  }
}