{
  "analysis_timestamp": "2025-09-02T19:14:09.462288",
  "input_file": "25-09-01 154758",
  "image_dimensions": [
    3840,
    2160
  ],
  "data_type": "uint16",
  "analysis_type": "whole_image",
  "processing_settings": {
    "dark_subtraction_enabled": true,
    "histogram_bins": 256,
    "clip_negative_values": true
  },
  "image_statistics": {
    "mean": 81.95967864990234,
    "std": 242.29344177246094,
    "variance": 58706.11328125,
    "min": 0.0,
    "max": 2078.0,
    "median": 2.0,
    "snr": 0.33826619386672974,
    "cv": 2.956251621246338,
    "histogram": [
      6312855,
      401685,
      91624,
      36893,
      25914,
      23367,
      21419,
      19778,
      19058,
      18309,
      18070,
      17989,
      17710,
      18885,
      20073,
      21568,
      22247,
      25657,
      22665,
      21902,
      21756,
      21328,
      20867,
      20434,
      19694,
      21448,
      18063,
      17406,
      17113,
      16984,
      17392,
      18259,
      19652,
      20913,
      25595,
      22610,
      22678,
      22306,
      21969,
      21419,
      20800,
      20098,
      20227,
      18509,
      17809,
      16630,
      15421,
      14595,
      13205,
      12801,
      12272,
      13161,
      11430,
      11086,
      10843,
      10192,
      9568,
      8592,
      7573,
      7644,
      5816,
      5373,
      4702,
      4398,
      4423,
      4459,
      4632,
      4937,
      6344,
      5658,
      5931,
      6061,
      6054,
      6091,
      5760,
      5371,
      5406,
      5000,
      4888,
      4694,
      4554,
      4401,
      4619,
      4707,
      4975,
      5757,
      5420,
      5442,
      5839,
      5739,
      5691,
      5620,
      5520,
      5627,
      4631,
      4278,
      3798,
      3270,
      2950,
      2527,
      2304,
      2139,
      2424,
      1994,
      2033,
      2055,
      2271,
      2362,
      2585,
      2609,
      2923,
      3152,
      3274,
      3556,
      3620,
      3641,
      3734,
      3674,
      3677,
      3833,
      3028,
      2808,
      2383,
      2109,
      1758,
      1542,
      1425,
      1215,
      1340,
      1091,
      1066,
      1097,
      1175,
      1173,
      1324,
      1456,
      1717,
      1682,
      1774,
      1835,
      2113,
      2133,
      2328,
      2497,
      2576,
      2856,
      2793,
      2914,
      2889,
      2969,
      2937,
      2807,
      2799,
      3231,
      2556,
      2501,
      2299,
      1987,
      1923,
      1758,
      1593,
      1447,
      1574,
      1312,
      1329,
      1232,
      1256,
      1165,
      1229,
      1274,
      1640,
      1497,
      1587,
      1636,
      1804,
      1810,
      1915,
      2060,
      2074,
      2172,
      2149,
      2224,
      2134,
      2193,
      2114,
      2109,
      2111,
      2248,
      1860,
      1759,
      1595,
      1610,
      1527,
      1420,
      1356,
      1269,
      1375,
      1118,
      1124,
      1083,
      1043,
      968,
      990,
      939,
      1100,
      843,
      860,
      746,
      698,
      704,
      651,
      693,
      696,
      658,
      667,
      646,
      594,
      629,
      652,
      650,
      660,
      816,
      700,
      720,
      708,
      756,
      760,
      700,
      714,
      719,
      723,
      584,
      573,
      474,
      399,
      346,
      314,
      262,
      266,
      178,
      140,
      118,
      64,
      53,
      35,
      39,
      28,
      16,
      9,
      7,
      3,
      4,
      2,
      1,
      0,
      1
    ],
    "bins": [
      0.0,
      8.1171875,
      16.234375,
      24.3515625,
      32.46875,
      40.5859375,
      48.703125,
      56.8203125,
      64.9375,
      73.0546875,
      81.171875,
      89.2890625,
      97.40625,
      105.5234375,
      113.640625,
      121.7578125,
      129.875,
      137.9921875,
      146.109375,
      154.2265625,
      162.34375,
      170.4609375,
      178.578125,
      186.6953125,
      194.8125,
      202.9296875,
      211.046875,
      219.1640625,
      227.28125,
      235.3984375,
      243.515625,
      251.6328125,
      259.75,
      267.8671875,
      275.984375,
      284.1015625,
      292.21875,
      300.3359375,
      308.453125,
      316.5703125,
      324.6875,
      332.8046875,
      340.921875,
      349.0390625,
      357.15625,
      365.2734375,
      373.390625,
      381.5078125,
      389.625,
      397.7421875,
      405.859375,
      413.9765625,
      422.09375,
      430.2109375,
      438.328125,
      446.4453125,
      454.5625,
      462.6796875,
      470.796875,
      478.9140625,
      487.03125,
      495.1484375,
      503.265625,
      511.3828125,
      519.5,
      527.6171875,
      535.734375,
      543.8515625,
      551.96875,
      560.0859375,
      568.203125,
      576.3203125,
      584.4375,
      592.5546875,
      600.671875,
      608.7890625,
      616.90625,
      625.0234375,
      633.140625,
      641.2578125,
      649.375,
      657.4921875,
      665.609375,
      673.7265625,
      681.84375,
      689.9609375,
      698.078125,
      706.1953125,
      714.3125,
      722.4296875,
      730.546875,
      738.6640625,
      746.78125,
      754.8984375,
      763.015625,
      771.1328125,
      779.25,
      787.3671875,
      795.484375,
      803.6015625,
      811.71875,
      819.8359375,
      827.953125,
      836.0703125,
      844.1875,
      852.3046875,
      860.421875,
      868.5390625,
      876.65625,
      884.7734375,
      892.890625,
      901.0078125,
      909.125,
      917.2421875,
      925.359375,
      933.4765625,
      941.59375,
      949.7109375,
      957.828125,
      965.9453125,
      974.0625,
      982.1796875,
      990.296875,
      998.4140625,
      1006.53125,
      1014.6484375,
      1022.765625,
      1030.8828125,
      1039.0,
      1047.1171875,
      1055.234375,
      1063.3515625,
      1071.46875,
      1079.5859375,
      1087.703125,
      1095.8203125,
      1103.9375,
      1112.0546875,
      1120.171875,
      1128.2890625,
      1136.40625,
      1144.5234375,
      1152.640625,
      1160.7578125,
      1168.875,
      1176.9921875,
      1185.109375,
      1193.2265625,
      1201.34375,
      1209.4609375,
      1217.578125,
      1225.6953125,
      1233.8125,
      1241.9296875,
      1250.046875,
      1258.1640625,
      1266.28125,
      1274.3984375,
      1282.515625,
      1290.6328125,
      1298.75,
      1306.8671875,
      1314.984375,
      1323.1015625,
      1331.21875,
      1339.3359375,
      1347.453125,
      1355.5703125,
      1363.6875,
      1371.8046875,
      1379.921875,
      1388.0390625,
      1396.15625,
      1404.2734375,
      1412.390625,
      1420.5078125,
      1428.625,
      1436.7421875,
      1444.859375,
      1452.9765625,
      1461.09375,
      1469.2109375,
      1477.328125,
      1485.4453125,
      1493.5625,
      1501.6796875,
      1509.796875,
      1517.9140625,
      1526.03125,
      1534.1484375,
      1542.265625,
      1550.3828125,
      1558.5,
      1566.6171875,
      1574.734375,
      1582.8515625,
      1590.96875,
      1599.0859375,
      1607.203125,
      1615.3203125,
      1623.4375,
      1631.5546875,
      1639.671875,
      1647.7890625,
      1655.90625,
      1664.0234375,
      1672.140625,
      1680.2578125,
      1688.375,
      1696.4921875,
      1704.609375,
      1712.7265625,
      1720.84375,
      1728.9609375,
      1737.078125,
      1745.1953125,
      1753.3125,
      1761.4296875,
      1769.546875,
      1777.6640625,
      1785.78125,
      1793.8984375,
      1802.015625,
      1810.1328125,
      1818.25,
      1826.3671875,
      1834.484375,
      1842.6015625,
      1850.71875,
      1858.8359375,
      1866.953125,
      1875.0703125,
      1883.1875,
      1891.3046875,
      1899.421875,
